-- -----------------------------------------------------
-- Data Insertion
-- -----------------------------------------------------
USE `PRATTLE`;

-- -----------------------------------------------------
-- Data for table `PRATTLE`.`user`
-- -----------------------------------------------------
START TRANSACTION;

INSERT INTO `PRATTLE`.`user` (`user_id`, `username`, `first_name`, `last_name`, `contact_num`, `hashPassword`, `timezone`, `last_log_out_time`) VALUES (1, 'sameer101', 'Sameer', 'Sinha', '888-777-6666', '$2a$10$taoIHqFf4VTFovt9XPcKYu3Nd.A9tvUHNTB2wv7jDZlNAlBZSlxNa', 'EST', '2010-06-18 12:44:22');
INSERT INTO `PRATTLE`.`user` (`user_id`, `username`, `first_name`, `last_name`, `contact_num`, `hashPassword`, `timezone`, `last_log_out_time`) VALUES (2, 'connor101', 'Connor', 'Fraizer', '888-777-6665', '$2a$10$taoIHqFf4VTFovt9XPcKYu3Nd.A9tvUHNTB2wv7jDZlNAlBZSlxNa', 'EST', '2010-06-18 12:44:22');
INSERT INTO `PRATTLE`.`user` (`user_id`, `username`, `first_name`, `last_name`, `contact_num`, `hashPassword`, `timezone`, `last_log_out_time`) VALUES (3, 'neel101', 'Neel', 'Deshpande', '888-777-6664', '$2a$10$taoIHqFf4VTFovt9XPcKYu3Nd.A9tvUHNTB2wv7jDZlNAlBZSlxNa', 'EST', '2010-06-18 12:44:22');
INSERT INTO `PRATTLE`.`user` (`user_id`, `username`, `first_name`, `last_name`, `contact_num`, `hashPassword`, `timezone`, `last_log_out_time`) VALUES (4, 'zoheb101', 'Zoheb', 'Nawaz', '888-777-6663', '$2a$10$taoIHqFf4VTFovt9XPcKYu3Nd.A9tvUHNTB2wv7jDZlNAlBZSlxNa', 'EST', '2010-06-18 12:44:22');

INSERT INTO `PRATTLE`.`user` (`user_id`, `username`, `first_name`, `last_name`, `contact_num`, `hashPassword`, `timezone`, `last_log_out_time`) VALUES (5, 'sameer201', 'Sameer', 'Sinha', '888-777-6666', '$2a$10$taoIHqFf4VTFovt9XPcKYu3Nd.A9tvUHNTB2wv7jDZlNAlBZSlxNa', 'EST', '2010-06-18 12:44:22');
INSERT INTO `PRATTLE`.`user` (`user_id`, `username`, `first_name`, `last_name`, `contact_num`, `hashPassword`, `timezone`, `last_log_out_time`) VALUES (6, 'connor201', 'Connor', 'Fraizer', '888-777-6665', '$2a$10$taoIHqFf4VTFovt9XPcKYu3Nd.A9tvUHNTB2wv7jDZlNAlBZSlxNa', 'EST', '2010-06-18 12:44:22');
INSERT INTO `PRATTLE`.`user` (`user_id`, `username`, `first_name`, `last_name`, `contact_num`, `hashPassword`, `timezone`, `last_log_out_time`) VALUES (7, 'neel201', 'Neel', 'Deshpande', '888-777-6664', '$2a$10$taoIHqFf4VTFovt9XPcKYu3Nd.A9tvUHNTB2wv7jDZlNAlBZSlxNa', 'EST', '2010-06-18 12:44:22');
INSERT INTO `PRATTLE`.`user` (`user_id`, `username`, `first_name`, `last_name`, `contact_num`, `hashPassword`, `timezone`, `last_log_out_time`) VALUES (8, 'zoheb201', 'Zoheb', 'Nawaz', '888-777-6663', '$2a$10$taoIHqFf4VTFovt9XPcKYu3Nd.A9tvUHNTB2wv7jDZlNAlBZSlxNa', 'EST', '2010-06-18 12:44:22');

INSERT INTO `PRATTLE`.`user` (`user_id`, `username`, `first_name`, `last_name`, `contact_num`, `hashPassword`, `timezone`, `last_log_out_time`) VALUES (9, 'sameer301', 'Sameer', 'Sinha', '888-777-6666', '$2a$10$taoIHqFf4VTFovt9XPcKYu3Nd.A9tvUHNTB2wv7jDZlNAlBZSlxNa', 'EST', '2010-06-18 12:44:22');
INSERT INTO `PRATTLE`.`user` (`user_id`, `username`, `first_name`, `last_name`, `contact_num`, `hashPassword`, `timezone`, `last_log_out_time`) VALUES (10, 'connor301', 'Connor', 'Fraizer', '888-777-6665', '$2a$10$taoIHqFf4VTFovt9XPcKYu3Nd.A9tvUHNTB2wv7jDZlNAlBZSlxNa', 'EST', '2010-06-18 12:44:22');
INSERT INTO `PRATTLE`.`user` (`user_id`, `username`, `first_name`, `last_name`, `contact_num`, `hashPassword`, `timezone`, `last_log_out_time`) VALUES (11, 'neel301', 'Neel', 'Deshpande', '888-777-6664', '$2a$10$taoIHqFf4VTFovt9XPcKYu3Nd.A9tvUHNTB2wv7jDZlNAlBZSlxNa', 'EST', '2010-06-18 12:44:22');
INSERT INTO `PRATTLE`.`user` (`user_id`, `username`, `first_name`, `last_name`, `contact_num`, `hashPassword`, `timezone`, `last_log_out_time`) VALUES (12, 'zoheb301', 'Zoheb', 'Nawaz', '888-777-6663', '$2a$10$taoIHqFf4VTFovt9XPcKYu3Nd.A9tvUHNTB2wv7jDZlNAlBZSlxNa', 'EST', '2010-06-18 12:44:22');

INSERT INTO `PRATTLE`.`user` (`user_id`, `username`, `first_name`, `last_name`, `contact_num`, `hashPassword`, `timezone`, `last_log_out_time`) VALUES (13, 'sameer401', 'Sameer', 'Sinha', '888-777-6666', '$2a$10$taoIHqFf4VTFovt9XPcKYu3Nd.A9tvUHNTB2wv7jDZlNAlBZSlxNa', 'EST', '2010-06-18 12:44:22');
INSERT INTO `PRATTLE`.`user` (`user_id`, `username`, `first_name`, `last_name`, `contact_num`, `hashPassword`, `timezone`, `last_log_out_time`) VALUES (14, 'connor401', 'Connor', 'Fraizer', '888-777-6665', '$2a$10$taoIHqFf4VTFovt9XPcKYu3Nd.A9tvUHNTB2wv7jDZlNAlBZSlxNa', 'EST', '2010-06-18 12:44:22');
INSERT INTO `PRATTLE`.`user` (`user_id`, `username`, `first_name`, `last_name`, `contact_num`, `hashPassword`, `timezone`, `last_log_out_time`) VALUES (15, 'neel401', 'Neel', 'Deshpande', '888-777-6664', '$2a$10$taoIHqFf4VTFovt9XPcKYu3Nd.A9tvUHNTB2wv7jDZlNAlBZSlxNa', 'EST', '2010-06-18 12:44:22');
INSERT INTO `PRATTLE`.`user` (`user_id`, `username`, `first_name`, `last_name`, `contact_num`, `hashPassword`, `timezone`, `last_log_out_time`) VALUES (16, 'zoheb401', 'Zoheb', 'Nawaz', '888-777-6663', '$2a$10$taoIHqFf4VTFovt9XPcKYu3Nd.A9tvUHNTB2wv7jDZlNAlBZSlxNa', 'EST', '2010-06-18 12:44:22');

INSERT INTO `PRATTLE`.`user` (`user_id`, `username`, `first_name`, `last_name`, `contact_num`, `hashPassword`, `timezone`, `last_log_out_time`) VALUES (17, 'sameer501', 'Sameer', 'Sinha', '888-777-6666', '$2a$10$taoIHqFf4VTFovt9XPcKYu3Nd.A9tvUHNTB2wv7jDZlNAlBZSlxNa', 'EST', '2010-06-18 12:44:22');
INSERT INTO `PRATTLE`.`user` (`user_id`, `username`, `first_name`, `last_name`, `contact_num`, `hashPassword`, `timezone`, `last_log_out_time`) VALUES (18, 'connor501', 'Connor', 'Fraizer', '888-777-6665', '$2a$10$taoIHqFf4VTFovt9XPcKYu3Nd.A9tvUHNTB2wv7jDZlNAlBZSlxNa', 'EST', '2010-06-18 12:44:22');
INSERT INTO `PRATTLE`.`user` (`user_id`, `username`, `first_name`, `last_name`, `contact_num`, `hashPassword`, `timezone`, `last_log_out_time`) VALUES (19, 'neel501', 'Neel', 'Deshpande', '888-777-6664', '$2a$10$taoIHqFf4VTFovt9XPcKYu3Nd.A9tvUHNTB2wv7jDZlNAlBZSlxNa', 'EST', '2010-06-18 12:44:22');
INSERT INTO `PRATTLE`.`user` (`user_id`, `username`, `first_name`, `last_name`, `contact_num`, `hashPassword`, `timezone`, `last_log_out_time`) VALUES (20, 'zoheb501', 'Zoheb', 'Nawaz', '888-777-6663', '$2a$10$taoIHqFf4VTFovt9XPcKYu3Nd.A9tvUHNTB2wv7jDZlNAlBZSlxNa', 'EST', '2010-06-18 12:44:22');

INSERT INTO `PRATTLE`.`user` (`user_id`, `username`, `first_name`, `last_name`, `contact_num`, `hashPassword`, `timezone`, `last_log_out_time`) VALUES (21, 'sameer601', 'Sameer', 'Sinha', '888-777-6666', '$2a$10$taoIHqFf4VTFovt9XPcKYu3Nd.A9tvUHNTB2wv7jDZlNAlBZSlxNa', 'EST', '2010-06-18 12:44:22');
INSERT INTO `PRATTLE`.`user` (`user_id`, `username`, `first_name`, `last_name`, `contact_num`, `hashPassword`, `timezone`, `last_log_out_time`) VALUES (22, 'connor601', 'Connor', 'Fraizer', '888-777-6665', '$2a$10$taoIHqFf4VTFovt9XPcKYu3Nd.A9tvUHNTB2wv7jDZlNAlBZSlxNa', 'EST', '2010-06-18 12:44:22');
INSERT INTO `PRATTLE`.`user` (`user_id`, `username`, `first_name`, `last_name`, `contact_num`, `hashPassword`, `timezone`, `last_log_out_time`) VALUES (23, 'neel601', 'Neel', 'Deshpande', '888-777-6664', '$2a$10$taoIHqFf4VTFovt9XPcKYu3Nd.A9tvUHNTB2wv7jDZlNAlBZSlxNa', 'EST', '2010-06-18 12:44:22');
INSERT INTO `PRATTLE`.`user` (`user_id`, `username`, `first_name`, `last_name`, `contact_num`, `hashPassword`, `timezone`, `last_log_out_time`) VALUES (24, 'zoheb601', 'Zoheb', 'Nawaz', '888-777-6663', '$2a$10$taoIHqFf4VTFovt9XPcKYu3Nd.A9tvUHNTB2wv7jDZlNAlBZSlxNa', 'EST', '2010-06-18 12:44:22');

INSERT INTO `PRATTLE`.`user` (`user_id`, `username`, `first_name`, `last_name`, `contact_num`, `hashPassword`, `timezone`, `last_log_out_time`) VALUES (25, 'zoheb602', 'Zoheb', 'Nawaz', '888-777-6663', '$2a$10$taoIHqFf4VTFovt9XPcKYu3Nd.A9tvUHNTB2wv7jDZlNAlBZSlxNa', 'EST', '2010-06-18 12:44:22');

COMMIT;


-- -----------------------------------------------------
-- Data for table `PRATTLE`.`user_ip_mapping`
-- -----------------------------------------------------
START TRANSACTION;

INSERT INTO `PRATTLE`.`user_ip_mapping` (`user_id`, `ip_address`) VALUES (1, '127.0.0.1');
INSERT INTO `PRATTLE`.`user_ip_mapping` (`user_id`, `ip_address`) VALUES (2, '127.0.0.2');
INSERT INTO `PRATTLE`.`user_ip_mapping` (`user_id`, `ip_address`) VALUES (3, '127.0.0.3');
INSERT INTO `PRATTLE`.`user_ip_mapping` (`user_id`, `ip_address`) VALUES (4, '127.0.0.4');

COMMIT;


-- -----------------------------------------------------
-- Data for table `PRATTLE`.`user_feed_mapping`
-- -----------------------------------------------------
START TRANSACTION;

INSERT INTO `PRATTLE`.`user_feed_mapping` (`user_id`, `feed_text`) VALUES (1, 'User Sameer101 started following Zoheb101.');
INSERT INTO `PRATTLE`.`user_feed_mapping` (`user_id`, `feed_text`) VALUES (1, 'User Sameer101 started following Neel101.');


COMMIT;

-- -----------------------------------------------------
-- Data for table `PRATTLE`.`message`
-- -----------------------------------------------------
START TRANSACTION;

INSERT INTO `PRATTLE`.`message` (`msg_id`, `source_msg_id`, `content`, `from_user_id`, `to_user_id`, `message_status`, `msg_subject`, `hasAttachment`,`generation_time`) VALUES (1, 1, 'message content here 1 #corona' , 1, 2, 'Delivered', 'Mesage Subject 101' ,TRUE, '2010-06-18 12:44:22');
INSERT INTO `PRATTLE`.`message` (`msg_id`, `source_msg_id`, `content`, `from_user_id`, `to_user_id`, `message_status`, `msg_subject`, `hasAttachment`,`generation_time`) VALUES (2, 2, 'message content here 2 #wfh'    , 2, 3, 'Delivered', 'Mesage Subject 102' ,TRUE, '2010-06-18 12:44:22');
INSERT INTO `PRATTLE`.`message` (`msg_id`, `source_msg_id`, `content`, `from_user_id`, `to_user_id`, `message_status`, `msg_subject`, `hasAttachment`,`generation_time`) VALUES (3, 3, 'message content here 3 #cs5500' , 3, 4, 'Delivered', 'Mesage Subject 103' ,FALSE, '2010-06-18 12:44:22');
INSERT INTO `PRATTLE`.`message` (`msg_id`, `source_msg_id`, `content`, `from_user_id`, `to_user_id`, `message_status`, `msg_subject`, `hasAttachment`,`generation_time`) VALUES (4, 4, 'message content here 4 #summer' , 4, 1, 'Delivered', 'Mesage Subject 104' ,FALSE, '2010-06-18 12:44:22');
INSERT INTO `PRATTLE`.`message` (`msg_id`, `source_msg_id`, `content`, `from_user_id`, `to_user_id`, `message_status`, `msg_subject`, `hasAttachment`,`generation_time`) VALUES (5, 5, 'Start of thread' , 4, 1, 'Delivered', 'Thread 1' ,FALSE, '2010-06-18 12:44:22');
INSERT INTO `PRATTLE`.`message` (`msg_id`, `source_msg_id`, `content`, `from_user_id`, `to_user_id`, `message_status`, `msg_subject`, `hasAttachment`,`generation_time`) VALUES (6, 5, 'Reply 1' , 4, 1, 'Delivered', 'Thread 1' ,FALSE, '2010-06-18 12:44:22');
INSERT INTO `PRATTLE`.`message` (`msg_id`, `source_msg_id`, `content`, `from_user_id`, `to_user_id`, `message_status`, `msg_subject`, `hasAttachment`,`generation_time`) VALUES (7, 5, 'Reply 2' , 4, 1, 'Delivered', 'Thread 1' ,FALSE, '2010-06-18 12:44:22');
INSERT INTO `PRATTLE`.`message` (`msg_id`, `source_msg_id`, `content`, `from_user_id`, `to_user_id`, `message_status`, `msg_subject`, `hasAttachment`,`generation_time`) VALUES (8, 5, 'Reply 3' , 4, 1, 'Delivered', 'Thread 1' ,FALSE, '2010-06-18 12:44:22');

COMMIT;

-- -----------------------------------------------------
-- Data for table `PRATTLE`.`message_encryption`
-- -----------------------------------------------------
START TRANSACTION;

INSERT INTO `PRATTLE`.`message_encryption` (`msg_id`, `enryption_key`) VALUES (1, 'key1');
INSERT INTO `PRATTLE`.`message_encryption` (`msg_id`, `enryption_key`) VALUES (2, 'key2');
INSERT INTO `PRATTLE`.`message_encryption` (`msg_id`, `enryption_key`) VALUES (3, 'key3');
INSERT INTO `PRATTLE`.`message_encryption` (`msg_id`, `enryption_key`) VALUES (4, 'key4');
INSERT INTO `PRATTLE`.`message_encryption` (`msg_id`, `enryption_key`) VALUES (5, 'key5');
INSERT INTO `PRATTLE`.`message_encryption` (`msg_id`, `enryption_key`) VALUES (6, 'key6');
INSERT INTO `PRATTLE`.`message_encryption` (`msg_id`, `enryption_key`) VALUES (7, 'key7');
INSERT INTO `PRATTLE`.`message_encryption` (`msg_id`, `enryption_key`) VALUES (8, 'key8');


COMMIT;

-- -----------------------------------------------------
-- Data for table `PRATTLE`.`msg_attachment_map`
-- -----------------------------------------------------
START TRANSACTION;

INSERT INTO `PRATTLE`.`msg_attachment_map` (`message_id`, `file_id`, `web_url`) VALUES (1, 101, 'www.googledrive.com');
INSERT INTO `PRATTLE`.`msg_attachment_map` (`message_id`, `file_id`, `web_url`) VALUES (2, 102, 'www.googledrive.com');


COMMIT;

-- -----------------------------------------------------
-- Data for table `PRATTLE`.`message_type_details`
-- -----------------------------------------------------
START TRANSACTION;

INSERT INTO `PRATTLE`.`message_type_details` (`msg_id`, `isBroadcastMsg`, `isPrivateMsg`,  `isGroupMsg`, `isForwardedMsg`, `isSelfDestruct`, `isEncrypyted`) VALUES (1, FALSE, TRUE, FALSE, FALSE, FALSE, FALSE);
INSERT INTO `PRATTLE`.`message_type_details` (`msg_id`, `isBroadcastMsg`, `isPrivateMsg`,  `isGroupMsg`, `isForwardedMsg`, `isSelfDestruct`, `isEncrypyted`) VALUES (2, FALSE, TRUE, FALSE, FALSE, FALSE, FALSE);
INSERT INTO `PRATTLE`.`message_type_details` (`msg_id`, `isBroadcastMsg`, `isPrivateMsg`,  `isGroupMsg`, `isForwardedMsg`, `isSelfDestruct`, `isEncrypyted`) VALUES (3, FALSE, TRUE, FALSE, FALSE, FALSE, FALSE);
INSERT INTO `PRATTLE`.`message_type_details` (`msg_id`, `isBroadcastMsg`, `isPrivateMsg`,  `isGroupMsg`, `isForwardedMsg`, `isSelfDestruct`, `isEncrypyted`) VALUES (4, FALSE, TRUE, FALSE, FALSE, FALSE, FALSE);
INSERT INTO `PRATTLE`.`message_type_details` (`msg_id`, `isBroadcastMsg`, `isPrivateMsg`,  `isGroupMsg`, `isForwardedMsg`, `isSelfDestruct`, `isEncrypyted`) VALUES (5, FALSE, TRUE, FALSE, FALSE, FALSE, FALSE);
INSERT INTO `PRATTLE`.`message_type_details` (`msg_id`, `isBroadcastMsg`, `isPrivateMsg`,  `isGroupMsg`, `isForwardedMsg`, `isSelfDestruct`, `isEncrypyted`) VALUES (6, FALSE, TRUE, FALSE, FALSE, FALSE, FALSE);
INSERT INTO `PRATTLE`.`message_type_details` (`msg_id`, `isBroadcastMsg`, `isPrivateMsg`,  `isGroupMsg`, `isForwardedMsg`, `isSelfDestruct`, `isEncrypyted`) VALUES (7, FALSE, TRUE, FALSE, FALSE, FALSE, FALSE);
INSERT INTO `PRATTLE`.`message_type_details` (`msg_id`, `isBroadcastMsg`, `isPrivateMsg`,  `isGroupMsg`, `isForwardedMsg`, `isSelfDestruct`, `isEncrypyted`) VALUES (8, FALSE, TRUE, FALSE, FALSE, FALSE, FALSE);


COMMIT;

-- -----------------------------------------------------
-- Data for table `PRATTLE`.`hashtag`
-- -----------------------------------------------------
START TRANSACTION;

INSERT INTO `PRATTLE`.`hashtag` (`hashtag_id`, `hashtag`) VALUES (1, 'corona');
INSERT INTO `PRATTLE`.`hashtag` (`hashtag_id`, `hashtag`) VALUES (2, 'wfh');
INSERT INTO `PRATTLE`.`hashtag` (`hashtag_id`, `hashtag`) VALUES (3, 'cs5500');
INSERT INTO `PRATTLE`.`hashtag` (`hashtag_id`, `hashtag`) VALUES (4, 'summer');


COMMIT;

-- -----------------------------------------------------
-- Data for table `PRATTLE`.`msg_hashtag_mapping`
-- -----------------------------------------------------
START TRANSACTION;

INSERT INTO `PRATTLE`.`msg_hashtag_mapping` (`msg_id`, `hashtag_id`) VALUES (1, 1);
INSERT INTO `PRATTLE`.`msg_hashtag_mapping` (`msg_id`, `hashtag_id`) VALUES (2, 2);
INSERT INTO `PRATTLE`.`msg_hashtag_mapping` (`msg_id`, `hashtag_id`) VALUES (3, 3);
INSERT INTO `PRATTLE`.`msg_hashtag_mapping` (`msg_id`, `hashtag_id`) VALUES (4, 4);

COMMIT;

-- -----------------------------------------------------
-- Data for table `PRATTLE`.`groups`
-- -----------------------------------------------------
START TRANSACTION;

INSERT INTO `PRATTLE`.`groups` (`group_id`, `group_email`, `hashPassword`, `name`, `description`) VALUES (1, 'group1@gmail.com', '$2a$10$taoIHqFf4VTFovt9XPcKYu3Nd.A9tvUHNTB2wv7jDZlNAlBZSlxNa', 'group1', 'group description here 1');
INSERT INTO `PRATTLE`.`groups` (`group_id`, `group_email`, `hashPassword`, `name`, `description`) VALUES (2, 'group2@gmail.com', '$2a$10$taoIHqFf4VTFovt9XPcKYu3Nd.A9tvUHNTB2wv7jDZlNAlBZSlxNa', 'group2', 'group description here 2');
INSERT INTO `PRATTLE`.`groups` (`group_id`, `group_email`, `hashPassword`, `name`, `description`) VALUES (3, 'group3@gmail.com', '$2a$10$taoIHqFf4VTFovt9XPcKYu3Nd.A9tvUHNTB2wv7jDZlNAlBZSlxNa', 'group3', 'group description here 3');
INSERT INTO `PRATTLE`.`groups` (`group_id`, `group_email`, `hashPassword`, `name`, `description`) VALUES (4, 'group4@gmail.com', '$2a$10$taoIHqFf4VTFovt9XPcKYu3Nd.A9tvUHNTB2wv7jDZlNAlBZSlxNa', 'group4', 'group description here 4');

INSERT INTO `PRATTLE`.`groups` (`group_id`, `group_email`, `hashPassword`, `name`, `description`) VALUES (5, 'group5@gmail.com', '$2a$10$taoIHqFf4VTFovt9XPcKYu3Nd.A9tvUHNTB2wv7jDZlNAlBZSlxNa', 'group5', 'group description here 5');
INSERT INTO `PRATTLE`.`groups` (`group_id`, `group_email`, `hashPassword`, `name`, `description`) VALUES (6, 'group6@gmail.com', '$2a$10$taoIHqFf4VTFovt9XPcKYu3Nd.A9tvUHNTB2wv7jDZlNAlBZSlxNa', 'group6', 'group description here 6');
INSERT INTO `PRATTLE`.`groups` (`group_id`, `group_email`, `hashPassword`, `name`, `description`) VALUES (7, 'group7@gmail.com', '$2a$10$taoIHqFf4VTFovt9XPcKYu3Nd.A9tvUHNTB2wv7jDZlNAlBZSlxNa', 'group7', 'group description here 7');
INSERT INTO `PRATTLE`.`groups` (`group_id`, `group_email`, `hashPassword`, `name`, `description`) VALUES (8, 'group8@gmail.com', '$2a$10$taoIHqFf4VTFovt9XPcKYu3Nd.A9tvUHNTB2wv7jDZlNAlBZSlxNa', 'group8', 'group description here 8');

INSERT INTO `PRATTLE`.`groups` (`group_id`, `group_email`, `hashPassword`, `name`, `description`) VALUES (9, 'group9@gmail.com', '$2a$10$taoIHqFf4VTFovt9XPcKYu3Nd.A9tvUHNTB2wv7jDZlNAlBZSlxNa', 'group9', 'group description here 9');
INSERT INTO `PRATTLE`.`groups` (`group_id`, `group_email`, `hashPassword`, `name`, `description`) VALUES (10, 'group10@gmail.com', '$2a$10$taoIHqFf4VTFovt9XPcKYu3Nd.A9tvUHNTB2wv7jDZlNAlBZSlxNa', 'group10', 'group description here 10');
INSERT INTO `PRATTLE`.`groups` (`group_id`, `group_email`, `hashPassword`, `name`, `description`) VALUES (11, 'group11@gmail.com', '$2a$10$taoIHqFf4VTFovt9XPcKYu3Nd.A9tvUHNTB2wv7jDZlNAlBZSlxNa', 'group11', 'group description here 11');
INSERT INTO `PRATTLE`.`groups` (`group_id`, `group_email`, `hashPassword`, `name`, `description`) VALUES (12, 'group12@gmail.com', '$2a$10$taoIHqFf4VTFovt9XPcKYu3Nd.A9tvUHNTB2wv7jDZlNAlBZSlxNa', 'group12', 'group description here 12');

INSERT INTO `PRATTLE`.`groups` (`group_id`, `group_email`, `hashPassword`, `name`, `description`) VALUES (13, 'group13@gmail.com', '$2a$10$taoIHqFf4VTFovt9XPcKYu3Nd.A9tvUHNTB2wv7jDZlNAlBZSlxNa', 'group13', 'group description here 13');
INSERT INTO `PRATTLE`.`groups` (`group_id`, `group_email`, `hashPassword`, `name`, `description`) VALUES (14, 'group14@gmail.com', '$2a$10$taoIHqFf4VTFovt9XPcKYu3Nd.A9tvUHNTB2wv7jDZlNAlBZSlxNa', 'group14', 'group description here 14');
INSERT INTO `PRATTLE`.`groups` (`group_id`, `group_email`, `hashPassword`, `name`, `description`) VALUES (15, 'group15@gmail.com', '$2a$10$taoIHqFf4VTFovt9XPcKYu3Nd.A9tvUHNTB2wv7jDZlNAlBZSlxNa', 'group15', 'group description here 15');
INSERT INTO `PRATTLE`.`groups` (`group_id`, `group_email`, `hashPassword`, `name`, `description`) VALUES (16, 'group16@gmail.com', '$2a$10$taoIHqFf4VTFovt9XPcKYu3Nd.A9tvUHNTB2wv7jDZlNAlBZSlxNa', 'group16', 'group description here 16');

INSERT INTO `PRATTLE`.`groups` (`group_id`, `group_email`, `hashPassword`, `name`, `description`) VALUES (17, 'group17@gmail.com', '$2a$10$taoIHqFf4VTFovt9XPcKYu3Nd.A9tvUHNTB2wv7jDZlNAlBZSlxNa', 'group17', 'group description here 17');
INSERT INTO `PRATTLE`.`groups` (`group_id`, `group_email`, `hashPassword`, `name`, `description`) VALUES (18, 'group18@gmail.com', '$2a$10$taoIHqFf4VTFovt9XPcKYu3Nd.A9tvUHNTB2wv7jDZlNAlBZSlxNa', 'group18', 'group description here 18');
INSERT INTO `PRATTLE`.`groups` (`group_id`, `group_email`, `hashPassword`, `name`, `description`) VALUES (19, 'group19@gmail.com', '$2a$10$taoIHqFf4VTFovt9XPcKYu3Nd.A9tvUHNTB2wv7jDZlNAlBZSlxNa', 'group19', 'group description here 19');
INSERT INTO `PRATTLE`.`groups` (`group_id`, `group_email`, `hashPassword`, `name`, `description`) VALUES (20, 'group20@gmail.com', '$2a$10$taoIHqFf4VTFovt9XPcKYu3Nd.A9tvUHNTB2wv7jDZlNAlBZSlxNa', 'group20', 'group description here 20');


COMMIT;

-- -----------------------------------------------------
-- Data for table `PRATTLE`.`group_user_mapping`
-- -----------------------------------------------------
START TRANSACTION;

INSERT INTO `PRATTLE`.`group_user_mapping` (`group_id`, `user_id`, `isModerator`, `isFollower`, `isMember`) VALUES (1, '1', TRUE, TRUE, TRUE);
INSERT INTO `PRATTLE`.`group_user_mapping` (`group_id`, `user_id`, `isModerator`, `isFollower`, `isMember`) VALUES (1, '2', FALSE, FALSE, TRUE);
INSERT INTO `PRATTLE`.`group_user_mapping` (`group_id`, `user_id`, `isModerator`, `isFollower`, `isMember`) VALUES (1, '3', FALSE, FALSE, TRUE);


INSERT INTO `PRATTLE`.`group_user_mapping` (`group_id`, `user_id`, `isModerator`, `isFollower`, `isMember`) VALUES (15, '1', TRUE, TRUE, TRUE);
INSERT INTO `PRATTLE`.`group_user_mapping` (`group_id`, `user_id`, `isModerator`, `isFollower`, `isMember`) VALUES (16, '1', TRUE, TRUE, TRUE);
INSERT INTO `PRATTLE`.`group_user_mapping` (`group_id`, `user_id`, `isModerator`, `isFollower`, `isMember`) VALUES (17, '1', TRUE, TRUE, TRUE);
INSERT INTO `PRATTLE`.`group_user_mapping` (`group_id`, `user_id`, `isModerator`, `isFollower`, `isMember`) VALUES (18, '1', TRUE, TRUE, TRUE);

INSERT INTO `PRATTLE`.`group_user_mapping` (`group_id`, `user_id`, `isModerator`, `isFollower`, `isMember`) VALUES (2, '2', TRUE, TRUE, TRUE);
INSERT INTO `PRATTLE`.`group_user_mapping` (`group_id`, `user_id`, `isModerator`, `isFollower`, `isMember`) VALUES (2, '1', FALSE, FALSE, TRUE);


INSERT INTO `PRATTLE`.`group_user_mapping` (`group_id`, `user_id`, `isModerator`, `isFollower`, `isMember`) VALUES (3, '3', TRUE, TRUE, TRUE);
INSERT INTO `PRATTLE`.`group_user_mapping` (`group_id`, `user_id`, `isModerator`, `isFollower`, `isMember`) VALUES (3, '4', FALSE, FALSE, TRUE);


INSERT INTO `PRATTLE`.`group_user_mapping` (`group_id`, `user_id`, `isModerator`, `isFollower`, `isMember`) VALUES (4, '4', TRUE, TRUE, TRUE);
INSERT INTO `PRATTLE`.`group_user_mapping` (`group_id`, `user_id`, `isModerator`, `isFollower`, `isMember`) VALUES (4, '1', FALSE, FALSE, TRUE);


INSERT INTO `PRATTLE`.`group_user_mapping` (`group_id`, `user_id`, `isModerator`, `isFollower`, `isMember`) VALUES (5, '5', TRUE, FALSE, TRUE);
INSERT INTO `PRATTLE`.`group_user_mapping` (`group_id`, `user_id`, `isModerator`, `isFollower`, `isMember`) VALUES (6, '6', TRUE, FALSE, TRUE);
INSERT INTO `PRATTLE`.`group_user_mapping` (`group_id`, `user_id`, `isModerator`, `isFollower`, `isMember`) VALUES (7, '7', TRUE, FALSE, TRUE);
INSERT INTO `PRATTLE`.`group_user_mapping` (`group_id`, `user_id`, `isModerator`, `isFollower`, `isMember`) VALUES (8, '8', TRUE, FALSE, TRUE);

INSERT INTO `PRATTLE`.`group_user_mapping` (`group_id`, `user_id`, `isModerator`, `isFollower`, `isMember`) VALUES (9, '9', TRUE, FALSE, TRUE);
INSERT INTO `PRATTLE`.`group_user_mapping` (`group_id`, `user_id`, `isModerator`, `isFollower`, `isMember`) VALUES (10, '10', TRUE, FALSE, TRUE);
INSERT INTO `PRATTLE`.`group_user_mapping` (`group_id`, `user_id`, `isModerator`, `isFollower`, `isMember`) VALUES (11, '11', TRUE, FALSE, TRUE);
INSERT INTO `PRATTLE`.`group_user_mapping` (`group_id`, `user_id`, `isModerator`, `isFollower`, `isMember`) VALUES (12, '12', TRUE, FALSE, TRUE);

INSERT INTO `PRATTLE`.`group_user_mapping` (`group_id`, `user_id`, `isModerator`, `isFollower`, `isMember`) VALUES (13, '13', TRUE, FALSE, TRUE);
INSERT INTO `PRATTLE`.`group_user_mapping` (`group_id`, `user_id`, `isModerator`, `isFollower`, `isMember`) VALUES (14, '14', TRUE, FALSE, TRUE);
INSERT INTO `PRATTLE`.`group_user_mapping` (`group_id`, `user_id`, `isModerator`, `isFollower`, `isMember`) VALUES (15, '15', TRUE, FALSE, TRUE);
INSERT INTO `PRATTLE`.`group_user_mapping` (`group_id`, `user_id`, `isModerator`, `isFollower`, `isMember`) VALUES (16, '16', TRUE, FALSE, TRUE);

INSERT INTO `PRATTLE`.`group_user_mapping` (`group_id`, `user_id`, `isModerator`, `isFollower`, `isMember`) VALUES (17, '17', TRUE, FALSE, TRUE);
INSERT INTO `PRATTLE`.`group_user_mapping` (`group_id`, `user_id`, `isModerator`, `isFollower`, `isMember`) VALUES (18, '18', TRUE, FALSE, TRUE);
INSERT INTO `PRATTLE`.`group_user_mapping` (`group_id`, `user_id`, `isModerator`, `isFollower`, `isMember`) VALUES (19, '19', TRUE, FALSE, TRUE);
INSERT INTO `PRATTLE`.`group_user_mapping` (`group_id`, `user_id`, `isModerator`, `isFollower`, `isMember`) VALUES (20, '20', TRUE, FALSE, TRUE);


COMMIT;

-- -----------------------------------------------------
-- Data for table `PRATTLE`.`filters`
-- -----------------------------------------------------
START TRANSACTION;

INSERT INTO `PRATTLE`.`filters` (`filter_id`, `filter`) VALUES (1, 'corona');
INSERT INTO `PRATTLE`.`filters` (`filter_id`, `filter`) VALUES (2, 'cs5500');


COMMIT;

-- -----------------------------------------------------
-- Data for table `PRATTLE`.`group_group_mapping`
-- -----------------------------------------------------
START TRANSACTION;

INSERT INTO `PRATTLE`.`group_group_mapping` (`parent_group_id`, `sub_group_id`) VALUES (2, 3);

COMMIT;


-- -----------------------------------------------------
-- Data for table `PRATTLE`.`user_filter_map`
-- -----------------------------------------------------
START TRANSACTION;

INSERT INTO `PRATTLE`.`user_filter_map` (`user_id`, `filter_id`) VALUES (3, 1);
INSERT INTO `PRATTLE`.`user_filter_map` (`user_id`, `filter_id`) VALUES (4, 2);


COMMIT;

-- -----------------------------------------------------
-- Data for table `PRATTLE`.`government`
-- -----------------------------------------------------
START TRANSACTION;

INSERT INTO `PRATTLE`.`government` (`gov_id`, `gov_username`, gov_password) VALUES (1, 'CIA', "$2a$10$taoIHqFf4VTFovt9XPcKYu3Nd.A9tvUHNTB2wv7jDZlNAlBZSlxNa");
INSERT INTO `PRATTLE`.`government` (`gov_id`, `gov_username`, gov_password) VALUES (2, 'FBI', "$2a$10$taoIHqFf4VTFovt9XPcKYu3Nd.A9tvUHNTB2wv7jDZlNAlBZSlxNa");


COMMIT;

-- -----------------------------------------------------
-- Data for table `PRATTLE`.`subpoena`
-- -----------------------------------------------------
START TRANSACTION;

INSERT INTO `PRATTLE`.`subpoena` (`subpoena_id`, `gov_user_id`, `watched_user_id`, expire_timestamp) VALUES (1, 1, 1, '2020-06-18 12:44:22');
INSERT INTO `PRATTLE`.`subpoena` (`subpoena_id`, `gov_user_id`, `watched_user_id`, expire_timestamp) VALUES (2, 2, 2, '2020-06-18 12:44:22');


COMMIT;

-- -----------------------------------------------------
-- Data for table `PRATTLE`.`user_follows`
-- -----------------------------------------------------
START TRANSACTION;

INSERT INTO `PRATTLE`.`user_follows` (`followee_id`, `follower_id`) VALUES (1, 2);
INSERT INTO `PRATTLE`.`user_follows` (`followee_id`, `follower_id`) VALUES (1, 3);
INSERT INTO `PRATTLE`.`user_follows` (`followee_id`, `follower_id`) VALUES (1, 4);
INSERT INTO `PRATTLE`.`user_follows` (`followee_id`, `follower_id`) VALUES (1, 5);
INSERT INTO `PRATTLE`.`user_follows` (`followee_id`, `follower_id`) VALUES (1, 6);

-- INSERT INTO `PRATTLE`.`user_follows` (`followee_id`, `follower_id`) VALUES (1, 7);
-- INSERT INTO `PRATTLE`.`user_follows` (`followee_id`, `follower_id`) VALUES (1, 8);
-- INSERT INTO `PRATTLE`.`user_follows` (`followee_id`, `follower_id`) VALUES (1, 9);
-- INSERT INTO `PRATTLE`.`user_follows` (`followee_id`, `follower_id`) VALUES (1, 10);
-- INSERT INTO `PRATTLE`.`user_follows` (`followee_id`, `follower_id`) VALUES (1, 11);

-- INSERT INTO `PRATTLE`.`user_follows` (`followee_id`, `follower_id`) VALUES (1, 12);
-- INSERT INTO `PRATTLE`.`user_follows` (`followee_id`, `follower_id`) VALUES (1, 13);
-- INSERT INTO `PRATTLE`.`user_follows` (`followee_id`, `follower_id`) VALUES (1, 14);
-- INSERT INTO `PRATTLE`.`user_follows` (`followee_id`, `follower_id`) VALUES (1, 15);
-- INSERT INTO `PRATTLE`.`user_follows` (`followee_id`, `follower_id`) VALUES (1, 16);

-- INSERT INTO `PRATTLE`.`user_follows` (`followee_id`, `follower_id`) VALUES (4, 1);
-- INSERT INTO `PRATTLE`.`user_follows` (`followee_id`, `follower_id`) VALUES (5, 1);
-- INSERT INTO `PRATTLE`.`user_follows` (`followee_id`, `follower_id`) VALUES (6, 1);
-- INSERT INTO `PRATTLE`.`user_follows` (`followee_id`, `follower_id`) VALUES (7, 1);
-- INSERT INTO `PRATTLE`.`user_follows` (`followee_id`, `follower_id`) VALUES (8, 1);

-- INSERT INTO `PRATTLE`.`user_follows` (`followee_id`, `follower_id`) VALUES (14, 1);
-- INSERT INTO `PRATTLE`.`user_follows` (`followee_id`, `follower_id`) VALUES (15, 1);
-- INSERT INTO `PRATTLE`.`user_follows` (`followee_id`, `follower_id`) VALUES (16, 1);
-- INSERT INTO `PRATTLE`.`user_follows` (`followee_id`, `follower_id`) VALUES (17, 1);
-- INSERT INTO `PRATTLE`.`user_follows` (`followee_id`, `follower_id`) VALUES (18, 1);

INSERT INTO `PRATTLE`.`user_follows` (`followee_id`, `follower_id`) VALUES (20, 1);
INSERT INTO `PRATTLE`.`user_follows` (`followee_id`, `follower_id`) VALUES (21, 1);
INSERT INTO `PRATTLE`.`user_follows` (`followee_id`, `follower_id`) VALUES (22, 1);
INSERT INTO `PRATTLE`.`user_follows` (`followee_id`, `follower_id`) VALUES (23, 1);
INSERT INTO `PRATTLE`.`user_follows` (`followee_id`, `follower_id`) VALUES (24, 1);

COMMIT;
